Iteracja,MSE
1,0.6548852800809678
2,0.44916259877548115
