Iteracja,MSE
1,0.751308692951137
2,0.5524578770214432
