Iteracja,MSE
1,0.47048950882629365
2,0.47048950882629365
