Iteracja,MSE
1,0.543402498522528
2,0.499312729569073
3,0.499312729569073
4,0.499312729569073
5,0.499312729569073
6,0.499312729569073
7,0.4838884971011102
8,0.4838884971011102
9,0.4838884971011102
10,0.4838884971011102
11,0.4838884971011102
12,0.4838884971011102
13,0.4838884971011102
14,0.4838884971011102
15,0.4838884971011102
16,0.4838884971011102
17,0.4838884971011102
18,0.4838884971011102
19,0.4838884971011102
20,0.4838884971011102
