Iteracja,MSE
1,0.5351599816890011
2,0.5351599816890011
