Iteracja,MSE
1,0.5347038014200292
2,0.5256422936961612
3,0.5256422936961612
4,0.5132462821368214
5,0.5132462821368214
6,0.5051845540463006
7,0.49498696582138824
8,0.49498696582138824
9,0.49498696582138824
10,0.49498696582138824
11,0.49498696582138824
12,0.4944593643230026
13,0.4894906501480159
14,0.48618156113893074
15,0.48618156113893074
16,0.48618156113893074
17,0.48537336268594145
18,0.48326969308607154
19,0.48326969308607154
20,0.4828458780033027
