Iteracja,MSE
1,0.5610061253523297
2,0.4708438228904212
3,0.4708438228904212
4,0.4708438228904212
