Iteracja,MSE
1,0.4934546041241634
2,0.4934546041241634
