Iteracja,MSE
1,0.5354563348722716
2,0.5354563348722716
3,0.5288132575494288
4,0.4954310943557266
