Iteracja,MSE
1,0.5728572341631774
2,0.5728572341631774
3,0.5066198941191832
4,0.5033548641584058
