Iteracja,MSE
1,0.6491534778117902
2,0.5722866437545675
3,0.5722866437545675
4,0.567652594115154
