Iteracja,MSE
1,0.6084461672895238
2,0.6084461672895238
