Iteracja,MSE
1,0.5194742400966096
2,0.5172735886233033
3,0.5172735886233033
4,0.5172735886233033
5,0.5172735886233033
6,0.5172735886233033
7,0.500139538899803
8,0.500139538899803
9,0.500139538899803
10,0.500139538899803
11,0.500139538899803
12,0.500139538899803
13,0.500139538899803
14,0.500139538899803
15,0.500139538899803
16,0.500139538899803
17,0.500139538899803
18,0.500139538899803
19,0.500139538899803
20,0.500139538899803
