Iteracja,MSE
1,0.5039562997116376
2,0.5039562997116376
3,0.5022360255449939
4,0.5022360255449939
