Iteracja,MSE
1,0.612796013498152
2,0.5324836591915044
3,0.5324836591915044
4,0.5324836591915044
5,0.5324836591915044
6,0.4783180914225663
7,0.4783180914225663
8,0.4783180914225663
9,0.4783180914225663
10,0.4783180914225663
11,0.4783180914225663
12,0.4783180914225663
13,0.4783180914225663
14,0.4783180914225663
15,0.4783180914225663
16,0.4783180914225663
17,0.47719936918293093
18,0.47719936918293093
19,0.47719936918293093
20,0.47719936918293093
