Iteracja,MSE
1,0.8264514796883137
2,0.6639354773219943
