Iteracja,MSE
1,0.5637001467753212
2,0.5637001467753212
