Iteracja,MSE
1,0.564610339090461
2,0.4936578612114941
3,0.4936578612114941
4,0.4936578612114941
