Iteracja,MSE
1,0.5668139864184969
2,0.5068012909334266
3,0.4860593088792783
4,0.4860593088792783
5,0.4860593088792783
6,0.4860593088792783
7,0.4860593088792783
8,0.4860593088792783
9,0.4860593088792783
10,0.4860593088792783
11,0.4860593088792783
12,0.4860593088792783
13,0.4860593088792783
14,0.4860593088792783
15,0.4610661481552863
16,0.4610661481552863
17,0.4610661481552863
18,0.4610661481552863
19,0.4610661481552863
20,0.4610661481552863
