Iteracja,MSE
1,0.7995177730274257
2,0.7995177730274257
3,0.7422253994270537
4,0.6755501378096801
