Iteracja,MSE
1,0.5154483282956486
2,0.5154483282956486
