Iteracja,MSE
1,0.5280795443418556
2,0.5280795443418556
3,0.527609280583977
4,0.49498640546848316
5,0.49498640546848316
6,0.49498640546848316
7,0.4870997049923635
8,0.47848099159472973
9,0.47848099159472973
10,0.47848099159472973
11,0.4782268879283373
12,0.4744677384374746
13,0.4744677384374746
14,0.4744677384374746
15,0.4732125355221064
16,0.4732125355221064
17,0.4732125355221064
18,0.4732125355221064
19,0.4732125355221064
20,0.47199467156165814
