Iteracja,MSE
1,0.5028149684803976
2,0.5028149684803976
3,0.4918640794837714
4,0.4918640794837714
