Iteracja,MSE
1,0.8803754539459234
2,0.8803754539459234
