Iteracja,MSE
1,0.5964327920129622
2,0.572264725297578
3,0.540047246660595
4,0.540047246660595
5,0.540047246660595
6,0.5394546819206517
7,0.5019236107060712
8,0.5019236107060712
9,0.49021554576990023
10,0.4855224902491419
11,0.47898926479398596
12,0.47898926479398596
13,0.47898926479398596
14,0.47308576993354795
15,0.47308576993354795
16,0.47113696990272047
17,0.47113696990272047
18,0.46732572187219223
19,0.4669749221592765
20,0.46398031866476946
