Iteracja,MSE
1,0.674384511597042
2,0.5040187566766953
