Iteracja,MSE
1,0.7140790160759193
2,0.7140790160759193
3,0.604572026208977
4,0.5561117526715735
